Month,Category2,Sentence
200401,product/service,"mindful that trans-atlantic tourists expect pampering as much as procedures, more emphasis is being put on feel-good massages and beauty treatments."
200401,movie/play/tv,"full text: charlize theron pulls off an incredible transformation from blond beauty to serial killer, but the film's attempt to validate her actions doesn't work."
200401,pageant/fashion show/model,"""beauty pageants are the world's longest-running reality show."""
200401,magazine/book,"beauty or ugliness is referred to in 94 per cent of the grimms' fairy tales, with evil characters often being described as ugly."
200401,other,"parwais nasari, a 25-year-old cooking potato waffles at a kabul market stall, said he was sipping green tea after dinner with his family when salma appeared, singing a pashto-language ode to the beauty of the afghan mountains."
200401,other,"parwais nasari, a 25-year-old cooking potato waffles at a kabul market stall, said he was sipping green tea after dinner with his family when salma appeared, singing a pashto-language ode to the beauty of the afghan mountains."
200401,other,"the sudbury stained glass artisans is an organization that educates, enlightens and promotes the beauty of stained glass in our community."
200401,magazine/book,"but tales like cinderella, sleeping beauty and snow white are also sending strong messages about the importance of having a beautiful appearance, suggests a study sociologist liz grauerholz and women's studies professor lori baker-sperry, authors of the pervasiveness and persistence of the feminine beauty ideal in children's fairy tales."
200401,magazine/book,"in cinderella, the most reproduced of the tales, beauty in women was referred to 114 times."
200401,product/service,"the uber-pop starlet and ottawa entrepreneur randi shinder launched their ""kissable, lickable"" line of beauty products tuesday to a packed house of fashion and entertainment journalists in new york."
200401,other,"parwais nasari, a 25-year-old cooking potato waffles at a kabul market stall, said he was sipping green tea after dinner with his family when salma appeared, singing a pashto-language ode to the beauty of the afghan mountains."
200401,magazine/book,"in cinderella, the most reproduced of the tales, beauty in women was referred to 114 times."
200401,physical beauty,"""i think the message that's given to girls is that beauty is one of the most important traits for females in our society."
200401,magazine/book,"beauty or ugliness is referred to in 94 per cent of the grimms' fairy tales, with evil characters often being described as ugly."
200401,magazine/book,"beauty or ugliness is referred to in 94 per cent of the grimms' fairy tales, with evil characters often being described as ugly."
200401,physical beauty,"""i think the message that's given to girls is that beauty is one of the most important traits for females in our society."
200401,other,"""most people who have responded negatively or questioned this have not questioned the findings that beauty is really pervasive."
200401,other,"chiara's ugliness, her beguiling otherness, is balanced by the young sofanisba fabroni's beauty."
200401,other,"this motto is writ large on one wall of inform interiors, which has sat at 97 water street for 36 years, quietly extolling the hygienic beauty of contemporary design and the unassailability of what we call good taste."
200401,other,"creativity, a love of beauty and a desire to please her customers are the keys to her success."
200401,physical beauty,"although she refuses to be labelled the girl with a perfect face, she concedes that beauty is ""metamorphosing into this mutt of a girl who just happens to be me."""
200402,other,"""i wanted to portray the beauty in that, the way they've accepted the way that they are,"" she said."
200402,other,"""i wanted to portray the beauty in that, the way they've accepted the way that they are,"" she said."
200402,movie/play/tv,"full text: romance * movie beauty angelina jolie has struck up a romance with alexander costar jared leto, according to friends of cameron diaz's ex, reports imdb.com."
200402,magazine/book,"wolf, a former rhodes scholar and the author of best- selling books such as the beauty myth, is reported to make her allegations in a piece to be published in this week's issue of new york magazine."
200402,magazine/book,"few women can match the idealized beauty of the starlets the glamour artist alberto vargas once painted for esquire and playboy magazines, but it's still easier to aspire to an image that invites the amply-figured as well as the slender to apply."
200402,other,"full text: we might feel guilty when we stargaze, but it's fun to revel in beauty, fame and fortune."
200402,movie/play/tv,"she uses drab hair and brown contact lenses to disguise her famed perky beauty and plays a lonely schoolteacher, interrogated by a rough-edged irish- italian homicide detective (ruffalo) about a series of slice-and- dice killings in her neighbourhood."
200402,movie/play/tv,last tango in paris (1972) - a 45-year-old american widower living in paris (marlon brando) encounters an engaged 20-year-old parisian beauty (maria schneider).
200402,movie/play/tv,"she uses drab hair and brown contact lenses to disguise her famed perky beauty and plays a lonely schoolteacher, interrogated by a rough-edged irish- italian homicide detective (ruffalo) about a series of slice-and- dice killings in her neighbourhood."
200402,real beauty,"it is awesome that dove, a beauty product manufacturer, is also endorsing this, instead of showing emaciated models often used by young girls as role models."
200402,other,tickets are available at the harrison festival office at 604-796-3664 or at agassiz pharmasave and the valle school of beauty.
200402,other,full text: peru is investigating claims that a 22-year-old beauty pageant contestant was lured to the west african country of gabon to be seduced by the country's 67-year-old president omar bongo.
200402,pageant/fashion show/model,olga solovyova demonstrates her martial arts skill as she takes out a mock attacker during a beauty contest in moscow yesterday.
200402,magazine/book,"self-seduction: your ultimate path to inner and outer beauty, by mikki taylor, one word/ballantine, $44.95."
200402,magazine/book,"in self-seduction, taylor has brought together great information on the balance between beauty and spirit for african-american women and features everyday and famous women of all shades, shapes and sizes."
200402,magazine/book,"williams, patti labelle and other experts, self-seduction offers anecdotes, methods, tips and solutions for every beauty need."
200402,other,that's why so many men who are affected by feminine beauty are also so uncomfortable with it.
200403,other,i wanted him to be impressed with my brain before he saw my beauty.
200403,movie/play/tv,her roles included aurora in sleeping beauty and odette in swan lake.
200403,magazine/book,"tant, 39, leaves a vacancy at chatelaine, where she was the executive editor in charge of the magazine's fashion, beauty and home decor departments."
200403,magazine/book,"tant, 39, leaves a vacancy at chatelaine, where she was the executive editor in charge of the magazine's fashion, beauty and home decor departments."
200403,real beauty,beauty isn't always all it appears to be:.
200403,other,fabulous muscles is beauty and the beast rolled into one.
200403,other,"there were presentations from about a dozen spokespeople of various schools including the university of saskatchewan, university of regina, new media campus, western academy broadcasting college, siast, and marvel beauty school, among others."
200403,product/service,illustration colour rejuvenating masks in china: chinese women try on the latest beauty treatment -- rejuvenating masks -- at a promotion outside a department store in beijing.
200403,other,an enduring beauty's inner beasts.
200403,product/service,full text: beauty: tired of your old department store makeup?
200403,product/service,"starting thursday, you'll be able to shop for unique beauty potions at calgary's newest cosmetic and skin-care purveyors, quorra apothecary."
200404,product/service,this about a beauty shop run by queen where there's more interest in gossip than hairstyles.
200404,other,"lauder was among the first of the great beauty titans, men and women such as elizabeth arden, helena rubinstein and revlon's charles revson, who trafficked in hope."
200404,product/service,"big corporations, cosmetics and clothing companies soon began to see the marketing potentials of sponsoring beauty pageants because it was an easy way to sell their products, ms gentile said."
200404,other,"associated press / beauty, eh?: french performance artist orlan poses for a photographer thursday, in new york."
200404,product/service,"clinique's beauty noww spring collection brims with pink, from seashell pinks to tropical fuchsias."
200404,magazine/book,"in his novel live and let die, ian fleming describes solitaire (played by jane seymour in the 1973 film) thusly: ""part of the beauty of her face lay in its lack of compromise."
200404,real beauty,"we canothert compare all women to an old-fashioned, false and stereotypical ideal of feminine beauty -- this is damaging to women everywhere."
200404,pageant/fashion show/model,"""i want my sex life to go from blah to chick-a-boom!'' pronounces one self-described ""ugly duckling"" vying for top honours in the show's ultimate swan beauty pageant."
200404,other,"reluctantly, tad agrees to the date, for charity's sake, but soon finds himself quite taken with this wholesome and naive all-american beauty."
200404,other,"reluctantly, tad agrees to the date, for charity's sake, but soon finds himself quite taken with this wholesome and naive all-american beauty."
200404,pageant/fashion show/model,"though she's out of the beauty contest, ms pisklova's celebrity is still growing."
200404,magazine/book,"or so the story goes in chapter 2, thirty-some-odd-years of beauty secrets, from ruby's trailer park guide to livin' real good."
200404,movie/play/tv,"illustration colour selena forsyth, special to the evening guide / the cast of sleeping beauty at port hope united church.; colour photo submitted / malificent the morbid and the gritty-gritty goblins.; colour selena forsyth, special to the evening guide / dorothy hall with her daughters ann and joan and son-in-law ed hepburn celebrate dorothy's 90th birthday.; colour selena forsyth, special to the evening guide / (reprint from evening guide) dorothy and brian hall arrive in port hope by sailboat in 1970.; colour submitted / the rev."
200404,real beauty,"that's because, you see, the show doesn't want the audience to think that beauty is just skin deep."
200404,other,"while baby braeden may never have the pleasure of meeting his nana face-to-face, he can experience her beauty, strength and resilience through this article and learn just how wonderful a woman she truly was."
200404,movie/play/tv,"ron perlman, sewer-dweller in the beauty and the beast tv series, plays hellboy with a sense of humour that reflects the character-driven nature of graphic novels from which he is derived."
200405,magazine/book,"at first instyle was supposed to be an equal blend of celebrity, beauty, fashion and lifestyle coverage, but in recent years fashion and celebrity certainly have received more attention and those entries dominate the elements of style feature in june's special anniversary issue."
200405,other,time erodes all such beauty.
200405,magazine/book,"at first instyle was supposed to be an equal blend of celebrity, beauty, fashion and lifestyle coverage, but in recent years fashion and celebrity certainly have received more attention and those entries dominate the elements of style feature in june's special anniversary issue."
200405,real beauty,banderas says one of the main reasons he was so interested in being a part of shrek 2 was its focus on inner beauty instead of the silicone and trowel approach to happiness.
200405,real beauty,"""this whole concept of beauty, to me, is all about accepting who you are."
200405,other,"the woman is creole beauty pearl chavez (jennifer jones getting away with a surprising amount of sex appeal for 1946), the lusty half-breed daughter of a french gambler and a native woman (both with loose morals)."
200405,other,"and these,"" he said pointing to a weber beauty with stainless steel burners, ""are replacing stoves at the cottage."""
200405,product/service,"""in the last six or seven years, the consumer, and they are predominantly female although more men are joining them, have been looking for the beauty experience,"" said marc speir, executive director of the allied beauty association which represents 90 per cent of the hair products and services companies in canada."
200405,product/service,"the initiation to this cult is quite stringent, requiring obsessive use of each and every item in the small l.a.-based beauty line that started in 1999 and has grown to become one of the hottest indie brands on the market."
200405,product/service,"""in the last six or seven years, the consumer, and they are predominantly female although more men are joining them, have been looking for the beauty experience,"" said marc speir, executive director of the allied beauty association which represents 90 per cent of the hair products and services companies in canada."
200405,movie/play/tv,"groomed by columbia boss harry cohn, novak progressed from a striking beauty in films such as pushover and phfft to accomplished actress in picnic and vertigo."
200405,movie/play/tv,"groomed by columbia boss harry cohn, novak progressed from a striking beauty in films such as pushover and phfft to accomplished actress in picnic and vertigo."
200405,movie/play/tv,"groomed by columbia boss harry cohn, novak progressed from a striking beauty in films such as pushover and phfft to accomplished actress in picnic and vertigo."
200405,other,"full text: greedy for life, greedy for beauty: how strange it seems, that when i was truly vulnerable, i felt invincible and now that i am too crooked to fall flat, i tremble day by day at the thought of missing one night of glowing heavens."
200405,other,"this is the classic story from greek legend, about helen, the beauty whose face launched a thousand ships."
200405,physical beauty,"""it was something about the time it was released, and the name and the fact that the standard of beauty was really changing at the time,"" explains bartolucci, a mother of two."
200405,other,"if mma ramotswe and her friends continue to care for one another in village style, ignore western ideas of beauty, and celebrate life in their traditional way, it's all part of the perfect journey to a faraway place, and that's what the full cupboard of life delivers."
200405,other,"the performances, silent as they are, are believable and empathetic, but what really steals the show is the beauty of aboriginal myth and its relationship to the landscape."
200405,other,"after looking up in rapture, fall to your knees and drink up the beauty of the double bloodroot."
200405,other,"their smiling faces, their costumes and dance steps were all done with grace and beauty."
200405,other,"moore is always charismatic, as is her hunky eurotrash co-star, matthew goode, but all that beauty still isn't enough to make chasing liberty a standout."
200405,movie/play/tv,"although raymonda is the last ballet created by marius petipa, the giant of 19th century classical dance, it has never captured hearts as have sleeping beauty, the nutcracker or giselle."
200406,product/service,lynne taylor graduated in 1983 from norkam secondary and attended the headhunters school of beauty.
200406,pageant/fashion show/model,"despite its seeming incongruity with father's day, the date with the beauty queen is the hottest item being auctioned."
200406,pageant/fashion show/model,"despite its seeming incongruity with father's day, the date with the beauty queen is the hottest item being auctioned."
200406,magazine/book,"because i thoroughly enjoyed truth and beauty, ann patchett's new memoir describing her friendship with the distinctly damaged lucy grealy, i am now reading her oeuvre."
200406,pageant/fashion show/model,beauty queen dies in fight.
200406,pageant/fashion show/model,beauty queen dies after fight with contestants.
200406,other,this black beauty is a one-year-old spayed female who has been waiting for a new home for far too long.
200406,movie/play/tv,"onscreen, she's a beauty who is happy to deglamourize herself to play virginia woolf in the hours, for which she won an oscar, or stretch herself with a singing role in moulin rouge (she also sings and dances in the coming production of the producers, with stepford co-star matthew broderick)."
200406,other,"all the action takes place in the beauty shop, owned by truvy (susan brown)."
200406,product/service,eliot johnstone with her eliot's in-home salon (mobile beauty care for women over 50) came third and won $750.
200406,pageant/fashion show/model,"reality show the apprentice, was dropped as a judge at the beauty event."
200406,pageant/fashion show/model,jackson was disqualified monday by pageant organizers for greeting beauty queens he bumped into in the lobby of their hotel.
200406,pageant/fashion show/model,"reality show the apprentice, was dropped as a judge at the beauty event."
200407,other,potiphar's wife tempted joseph with her beauty.
200407,other,the superficial beauty of the body is a fleeting moment.
200407,magazine/book,that is not to say there are not moments of beauty and humanity in this book.
200407,magazine/book,"last weekend in the paper (not this one) i read a story written by a woman on the hunt for a millionaire husband who describes herself as ""a beauty slut"" who was ""born wearing makeup."""
200407,other,"when he was near, he paddled around the creature, amazed at his beauty and strength."
200407,pageant/fashion show/model,"competitors were required to wear three different bathing suits (two bikinis and a one piece) and were put through a set of turns while being critiqued by nine judges, who tabulated scores based on stage presence, symmetry, overall beauty, hair and makeup among other things, says the 5-foot-6 luchka."
200407,other,"it was the west, its spirit, size and the beauty of the mountains that seduced him, and in a burst of craziness, jackson hit the trans canada highway."
200407,other,it's the beauty of a sunny summer day along the park and beach lining barrie's waterfront.
200407,other,beholding crumbling beauty.
200407,pageant/fashion show/model,"in november, chinese men will get a chance to flaunt their new look in the country's first mr china beauty pageant."
200407,product/service,"in recent months, doctors have traced the problems to what has apparently become a phenomenon among new york city's latinas: haphazard cosmetic surgery conducted in the dominican republic after being arranged through beauty salons in washington heights and other city neighborhoods."
200407,product/service,beauty salons are well established in today's image-obsessed china.
200407,product/service,beauty salons are well established in today's image-obsessed china.
200407,pageant/fashion show/model,"in november, chinese men will get a chance to flaunt their new look in the country's first mr china beauty pageant."
200407,other,"""we want people to appreciate manly beauty, which represents strength and courage."
200408,other,during her long life she enjoyed victoria's history and its beauty.
200408,other,during her long life she enjoyed victoria's history and its beauty.
200408,product/service,"and the other day i saw an ad for a beauty salon that said ""we keep you looking good."""
200408,magazine/book,"eschewing the formalities of transformation narratives, the author, without fanfare or fairy dust, has her heroine wake up and discover she is a dead-ringer for a supermodel the shift is distressing, because it is never explained, but perhaps this is friedman's point - the mechanics of change are irrelevant here, as the book's forceful, if not brute point is that beauty changes nothing but perception and is therefore irrelevant to its inhabitant."
200408,other,a graduation picture from st joseph's school in snyder taken years before offered a glimpse of jeannette's beauty.
200408,product/service,"for the women, it takes a few months of high priced beauty boot camp, and thousands of dollars in medical and makeup bills, but the end results are sometimes barely recognizable."
200408,other,"the true highlights here are the two siberry songs: love is everything (from 1993's when i was a boy, an album on which lang duetted with siberry on calling all angels) and the valley (from 1988's bound by the beauty)."
200408,other,"the true highlights here are the two siberry songs: love is everything (from 1993's when i was a boy, an album on which lang duetted with siberry on calling all angels) and the valley (from 1988's bound by the beauty)."
200408,other,"kristy odamura came as close as anyone has in five games, out on a dubious umpire's call in the fourth inning last night in what turned out to be another ho-hum, 7-0, mercy rule-shortened outing for people magazine beauty jennie finch and her american teammates."
200408,other,full text: ottawa -- whoever said beauty is only skin deep may have died too early -- and too ugly -- to be sure.
200408,movie/play/tv,"she has been quoted as saying she has not made ""the best choices"" since american beauty, and that if things do not turn around soon she'll sit at home with the doors closed and the phone off."
200408,other,shea butter's a beauty miracle.
200408,other,"in 1939, anne was in paris finishing a course at the ""oreal school of beauty"", with the war approaching and on the advice of the canadian consul, anne reluctantly returned home."
200408,other,"in 1939, anne was in paris finishing a course at the ""oreal school of beauty"", with the war approaching and on the advice of the canadian consul, anne reluctantly returned home."
200408,other,"it's also surrounded by a park that exemplifies the leafy, idyllic beauty braff finds so emblematic of the garden state."
200408,other,china embraces bourgeois beauty; maoist ideal gets a little nip and tuck.
200408,pageant/fashion show/model,"still, cosmetic surgery and beauty contests mark a dramatic departure from traditions that dictated modesty for women, who were not expected even to show their teeth when smiling."
200408,other,"it's also surrounded by a park that exemplifies the leafy, idyllic beauty braff finds so emblematic of the garden state."
200408,real beauty,"""i think we've become obsessed with beauty and the fountain of youth and frankly, personally, i'm really saddened by the way women mutilate their faces today in search of that."""
200408,real beauty,"beauty isn't scalpel deep, halle berry says."
200408,other,"beauty is essentially meaningless and it is always transitory."""
200408,product/service,"to make life easier and to address the problems of specific types of hair and lifestyles, beauty product manufactures have developed hair-specific shampoos."
200408,other,"beauty is essentially meaningless and it is always transitory."""
200409,real beauty,"a research consultant for the real truth about beauty: a global report, calls the results ""devastating,"" but is hopeful the study will act as a catalyst for a more diverse portrayal of women in popular culture."
200409,real beauty,"""women have an inability to feel like they count in the culture of beauty."""
200409,real beauty,"a research consultant for the real truth about beauty: a global report, calls the results ""devastating,"" but is hopeful the study will act as a catalyst for a more diverse portrayal of women in popular culture."
200409,real beauty,beauty: the 'real' truth.
200409,real beauty,"for canadian women, beauty not only skin deep:."
200409,real beauty,"a research consultant for the real truth about beauty: a global report, calls the results ""devastating,"" but is hopeful the study will act as a catalyst for a more diverse portrayal of women in popular culture."
200409,real beauty,"""women have an inability to feel like they count in the culture of beauty."""
200409,real beauty,"""women have an inability to feel like they count in the culture of beauty."""
200409,pageant/fashion show/model,colombian women's prison stages unique beauty pageant.
200409,pageant/fashion show/model,"beauty pageants have taken place in female prisons in colombia on and off for the last 20 years and hernandez said it's a good day for her ""girls."""
200409,other,"scores of scooters and motorized wheelchairs plod along busy streets to the wal-mart, restaurants and beauty salons."
200409,other,"scores of scooters and motorized wheelchairs plod along busy streets to the wal-mart, restaurants and beauty salons."
200409,other,"observers review the beauty of the vineyard, the care taken in its management and the quality of its fruit."
200409,pageant/fashion show/model,"beauty contests, too, have long been a target of islamic conservatives in indonesia and other parts of the world."
200409,other,"the result is peculiar beauty: three centuries of charmingly absurd advice (carroll & graf, $17.95), a compendium of ""the most bizarre bits of advice from this underappreciated genre, dating from the late 1700s up to today,"" downing writes."
200409,pageant/fashion show/model,"beauty contests, too, have long been a target of islamic conservatives in indonesia and other parts of the world."
200409,pageant/fashion show/model,"like most international beauty competitions, miss universe requires participants to appear in a swimsuit -- either a one-piece model or a bikini."
200409,pageant/fashion show/model,"beauty contests, too, have long been a target of islamic conservatives in indonesia and other parts of the world."
200409,other,"mccaig is also participating in ""backstage at the port"" on thursday, september 9 and beyond the call of beauty, september 10 & 11, as part of the infringing dance festival, september 9 - 12."
200409,other,"the result is peculiar beauty: three centuries of charmingly absurd advice (carroll & graf, $17.95), a compendium of ""the most bizarre bits of advice from this underappreciated genre, dating from the late 1700s up to today,"" downing writes."
200409,product/service,"aquolina pink sugar eau de toilette spray, $74 per 100ml from beauty mark.; rachel bilson (with former castmate samaire armstrong) is chic and stylish both on and off the o.c."
200409,other,"today, 500 years to the day that the icon of renaissance male beauty was unveiled for the people of florence, his host city is kicking off a year of events to celebrate david in style."
200409,real beauty,"however, on the physical level, in a society in which youthful beauty is emphasized and women are encouraged to endanger their health through plastic surgery to regain what they supposedly have lost with age, i'm proud to stand with the gorgeous women of the calendar as a natural ""unadulterated"" woman of 41 years of age."
200409,other,"when i suggest to joyce lau that a certain amount of, ahem, bitchiness had gone into her exhibition, ""joyce lau hollywood beauty secrets"" at the ryerson gallery opening to the public on wednesday, the 24-year-old photographer surprised me by pumping her fist into the air, as if she'd just thrown a three-pointer for the raptors."
200410,other,"illustration : a place of incredible beauty and serenity, lavender falls provides doug fisher with inspiration and contentment in life."
200410,product/service,"homefront also provides wigs, beauty tips, cheery cards, lawn cutting and snow shoveling for clients."
200410,magazine/book,"as part of its 25th birthday celebrations, flare, in addition to its regular october magazine, produced a special supplement called celebrating canadian beauty."
200410,real beauty,"the message, says flare editor lisa tant, ""is how diverse beauty is in this country."""
200410,other,"beauty nights, what are they?."
200410,product/service,an opportunity for beauty professionals to bond with disenfranchised women and youth by offering beauty services in shelter around the lower mainland.
200410,movie/play/tv,"classic and not so classic beauties and heroes -- shrek and princess fiona, shark lenny and angelfish angie, harry potter, sleeping beauty, snow white, cinderella, pirates, mermaids, fairies, bratz and divaz, catwomen, star wars storm troopers, firemen, nurses, cheerleaders and gothic goddesses -- will all join forces to celebrate the haunted holiday."
200410,other,"and there was always the exotic beauty to lull the most reticent guest into talking and, usually, sharing."
200410,magazine/book,"as part of its 25th birthday celebrations, flare, in addition to its regular october magazine, produced a special supplement called celebrating canadian beauty."
200410,real beauty,"the message, says flare editor lisa tant, ""is how diverse beauty is in this country."""
200410,real beauty,"""we need to take the shackles off beauty,"" says dove marketing manager erin iles."
200410,real beauty,"on some questions, canadian women appeared quite balanced about their beauty."
200410,other,"the 1998 ice storm in eastern canada precipitated their move to victoria and, although she lived in bc a relatively short time, maida quickly came to love the friendly associations and the relaxing atmosphere of the vancouver island lifestyle - magnificent scenery, natural beauty, hiking the coastal and woodland trails."
200410,movie/play/tv,illustration color billy crudup offers a sly performance in the film stage beauty.
200410,movie/play/tv,the sexual confusions in stage beauty comprise more than just art.
200410,real beauty,"whatever else it was (exhilarating, slightly goofy), the campaign was definitely a flip of the bird to traditional notions of mediated ""beauty."""
200410,real beauty,"whatever else it was (exhilarating, slightly goofy), the campaign was definitely a flip of the bird to traditional notions of mediated ""beauty."""
200410,movie/play/tv,"crudup says he was also lured by the fact that stage beauty is set in the theatre, which he calls ""a provocative environment for studying the way people interact."
200410,other,"absorbing the beauty of the seasons, with theologian hans urs von balthasar, i give thanks that god is beautiful and glorious."
200410,other,"outwardly he has the sleek and menacing beauty of his species, but his mouth is a mess."
200410,movie/play/tv,"stage beauty would be a strange way to break through into the hollywood a-list, but crudup, 36, has been on the verge of stardom for years."
200410,movie/play/tv,"crudup says he was also lured by the fact that stage beauty is set in the theatre, which he calls ""a provocative environment for studying the way people interact."
200410,movie/play/tv,"she's been in two movies so far this year, barbershop 2 and the cookout, with two more, taxi and beauty shop, on the way."
200410,movie/play/tv,"the fight for respect for women is one of the themes of stage beauty, and danes says that there is still some resistance to female performers."
200410,other,"ernestine, the irascible telephone operator will be along, complete with snort, as well as edith ann, the devilish little six- year-old with the raspberry lisp, madame lupe, the world's oldest living beauty expert, bobbi-jeanine, the cocktail organist extraordinaire, wanda v."
200410,real beauty,"yet in a 2001 survey she cites by clairol on attitudes to female beauty, both men and women named personality the most important element in attractiveness."
200410,physical beauty,"other pieces are gently reflective, such as valerie sovran mitchell's rendition of how she came to terms with her unruly italian curls -- and the fact that she'd never look like silver- blonde beauty sharon johnson -- when her babies played with them, digging in their fists and pulling mamma close."
200411,real beauty,"this led her to create her own calendar, beauty and brains 2005, featuring women of different ages, weights, ethnicities and backgrounds."
200411,other,1 by calling 1-403-710-9790 or by e-mail at beautyandbrains2005@hotmail.com.
200411,other,"other parts of the beautification ceremony include a ritual in which a yellow spice is pasted to bride and groom to enhance their beauty.; colour arlen redekop, the province / laureen singh's hands and feet are intricately decorated in mehndi, the 5,000-year- old art of applying natural dye to the body."
200411,other,"former school -- located on petherick's road, this former school is a beauty -- red roof, bell tower and all."
200411,other,"there are rumours about the rumours, but the truth is that lou rumour, just janelle and melissa starr are still the hottest glam girl goth punk rock outfit this side of 1988, and drummer steve senyk rides his rolling machine through the chaos of beauty."
200411,other,"the merchants also include lewis food market, dean heights beauty salon, buttons-n-bows, charelli's deli and catering, robertshaw pies, toria's coffee house and the shoebox garden centre."
200411,pageant/fashion show/model,"illustration former beauty queen linda hardy stars as the frequently undressed jill bioskop, possessor of secret powers in an extremely precarious future world, in enki bilal's film immortal."
200411,movie/play/tv,"the concept has roots in the beauty train, her self-produced talk show pilot that never got picked up (although devotees can buy the dvd on her web site)."
200411,other,e-mail your beauty dilemmas to.
200411,other,"below, the courthouse in welland.; : ; : the welland river is a natural and economic beauty."
200411,product/service,"full text: boutique serenite, 87 yorkville st gardening accessories, beauty products, home accessories and food items, all imported from france and conveying a feeling of aristocratic luxury."
200411,movie/play/tv,"much of the beauty of the play stems from its unconventional staging, but the greatness of the play comes from williams' honest communication of human suffering."
200411,other,"the mac aids fund was born out of a sense of personal loss, explains demsey, newly named as the global president of estee lauder cos., because the fashion and beauty industries were disproportionately affected by the disease in its early years."
200411,other,the beauty and variety of the countryside is breathtaking.
200411,magazine/book,"those are some of the reasons graydon wrote the recently published in your face: the culture of beauty and you (annick press, $16.95), an eye-opening guide aimed at teens that encourages them to start thinking critically about the beauty industry."
200411,other,such beauty moved mccrae to pen the poem that has become the standard for almost any remembrance or memorial service.
200411,other,cheryl ruddock's plant images show beauty in environment.
200411,product/service,"sephora has turned the beauty industry on its ear with its ""shopping as entertainment"" approach."
200411,other,"it is from the bovine circles of the esteemed royal agricultural winter fair - that ancient and revered bastion of agricultural standards - where, dear reader, we have found the tragic results of our quest for beauty."
200411,product/service,joncas is a canadian entrepreneur who has been on the front lines of beauty as a sales representative for a skin care company.
200412,movie/play/tv,wholesome beauty whose shocking murder in hitchcock thriller psycho is a landmark of film.
200412,movie/play/tv,wholesome beauty whose shocking murder in hitchcock thriller psycho is a landmark of film.
200412,movie/play/tv,illustration colour billy crudup and claire danes star in stage beauty.
200412,product/service,"simpson started dessert beauty, a collection of candy-scented body lotions, lip glosses and fragrances."
200412,real beauty,"interestingly, the final chapter is about spirituality, in keeping with his philosophy that ""beauty is the result of a quality of being, not the result of the arrangement of our physical characteristics."""
200412,product/service,new york times patents columnist teresa riordan joyfully traces a century's worth of products and devices that women have employed in the pursuit of beauty.
200412,product/service,"simpson started dessert beauty, a collection of candy-scented body lotions, lip glosses and fragrances."
200412,other,"she avoided singing in any language other than italian, deeming french too nasal and german too guttural, always afraid to compromise the beauty of her sound in her native tongue."
200412,product/service,"sutherland said since the flood relief office is winding down, the age of beauty calendars will be for sale at the mayor's office."
200412,other,"long ago in ancient times, frigga, goddess of beauty, love and marriage and wife of powerful odin, sat working at her loom toward the end of winter solstice."
200412,product/service,"beauty retailer, has 3,600 products listed on the amazon beauty site, though binder doesn't consider it a competitor because it focuses on mainstream cosmetics and not saffron rouge's niche: high-quality organic cosmetics and bodycare products."
200412,product/service,"kirstin binder was interested in organic beauty products and launched saffron, named after the couple's two-year-old daughter, out of the family's guelph home in 2001, originally as an internet website."
200412,real beauty,"""i want to send a message to society that the love of beauty is not limited by age,"" the oldest contestant said on the contest website."
200412,other,"i wanted to rush over to find out what the conversation was about, but was too moved by the beauty of the scene to ruin it with my curiosity."
200412,product/service,two dollars from each tube sold anywhere across canada goes directly to the beauty night society.
200412,other,"peals of laughter fill the room as cooper and his friends reminisce about cooper's career as a nightclub owner, a female impersonator and a hair and beauty stylist, and about how they all discoed their way through the '70s."
200412,magazine/book,"history of beauty, edited by umberto eco."
200412,magazine/book,"history of beauty is the rare art book that begins with a chapter on the aesthetic ideal in ancient greece, faced by a photograph of a 6th-century b.c."
200412,other,"press, who are serving it up this week in the form of crime-scene photographs of ""the horror under the tree,"" ""the suspicious golf clubs,"" ""the dismantled toilet"" and ""sleeping beauty's bedroom."""
200412,product/service,"barbie eau de toilette will land in shoppers drug mart stores just in time for holiday shopping, says a press release from martha brady, the general manager of puig prestige beauty, the barcelona, spain company behind such major fashion fragrance-maker as prada and carolina herrera."
200412,real beauty,"interestingly, the final chapter is about spirituality, in keeping with his philosophy that ""beauty is the result of a quality of being, not the result of the arrangement of our physical characteristics."""
200412,pageant/fashion show/model,the beauty queens opening reception dec.
200412,other,the power and the beauty:.
200412,other,"the night has been retrieved for the justice, safety and beauty that it was meant to hold."
200412,movie/play/tv,"the story of beauty and the beast is about belle, a young woman in a provincial french town, and the beast, who is really a young prince trapped in a spell by an evil enchantress."
200412,product/service,"for evening of latest beauty products, including application techniques."
200412,other,"i'm always wanting to go away to find beauty, excitement and adventure."
200501,other,"christianity was a big part of ruth's people and she fondly remembers the beauty of the church at christmas - the scent from the spruce boughs that decorated the church, the glow from the gas lamps and the wood stove that provided warmth and comfort from the cold."
200501,movie/play/tv,"the wb network has announced that ashton kutcher, the genius behind punk'd, will do a new series called beauty and the geek."
200501,other,"picture 20 green-faced partiers noshing nori, and you have the ultimate face of backstreet beauty."
200501,movie/play/tv,"the wb network has announced that ashton kutcher, the genius behind punk'd, will do a new series called beauty and the geek."
200501,pageant/fashion show/model,"full text: regina fashion designer dean renwick promises to turn heads and raise eyebrows with his runway offerings saturday night at the pure woman gala and live fashion, beauty and art show in the cornwall centre."
200501,movie/play/tv,mat presents stage beauty tonight.
200501,movie/play/tv,"virginia mayo, the stunning blond actress who brought beauty and romance to films of the 1940s and 1950s with such co-stars as james cagney, bob hope, gregory peck, danny kaye and ronald reagan, died monday at a nursing home in suburban thousand oaks."
200501,movie/play/tv,"los angeles (ap) -- virginia mayo, the stunning blond actress who brought beauty and romance to films of the 1940s and 1950s with such co-stars as james cagney, bob hope, gregory peck, danny kaye and ronald reagan, died monday at a nursing home in suburban thousand oaks."
200501,pageant/fashion show/model,"pero also stages beauty events at the salon, such as last fall's evening with star makeup artist tina earnshaw, and a more recent sushi-and-wine party to help local artist ankara eden launch her almarine line, which includes the honey scrub i'm getting totally stuck on as well as a deliciously rich clay-and-seaweed mask."
200501,other,"picture 20 green-faced partiers noshing nori, and you have the ultimate face of backstreet beauty."
200501,movie/play/tv,"underdog swank won the golden globe and oscar for boys don't cry over bening, who had been considered the favourite for american beauty."
200501,movie/play/tv,"underdog swank won the golden globe and oscar for boys don't cry over bening, who had been considered the favourite for american beauty."
200501,other,"it's a role that challenges the soprano voice from top to bottom: in one act it must toss off flurries of light, ornamental singing; in another, it must perform with a sharper, more penetrating focus; in other places, it must find the pure, elongated beauty of tone for which lyric sopranos are prized."
200501,movie/play/tv,"full text: the peel heritage complex, in partnership with the toronto international film festival, presents stage beauty, a look at gender differences and the ambiguity of sexuality in the years of the english restoration, starring claire danes and billy crudup."
200501,pageant/fashion show/model,the pageant has more goals than rewarding young women for beauty and intelligence.
200501,product/service,"""aging boomers don't want to look old,"" says beauty maven eveline charles, owner of eveline charles spas in western canada."
200501,movie/play/tv,"queen latifah spins off her barbershop character into her own film, beauty shop, on march 30."
200502,movie/play/tv,sleeping beauty is popping pills!
200502,other,the form-fitting gown that cut into a sharp v just above swank's bottom was both an architectural marvel and a thing of beauty.
200502,product/service,"the scramble for unique hair is also one that cosmetics companies have been actively fuelling for the past few months, as they have loaded up beauty editors' desks with almost daily shipments of new hair products."
200502,other,"the heart- breaking beauty of delphi, where i first fell in love; the sensual sunsets of santorini; the mysterious ruins of mykenes -- they are all still there, and just as seductive as they were two decades ago."
200502,magazine/book,"the decision reverses a 2002 ruling by the swiss federal institute of intellectual property, which prevented yeslam binladin from using the name as a protected trademark on his perfumes or beauty products."
200502,product/service,"full text: terry bartzen focuses on beauty at her new business, boutique beyouteful."
200502,real beauty,full text: it is refreshing to see real people being used in beauty commercials.
200502,real beauty,but aren't companies that create and sell beauty products to help women and men improve their looks just adding to self-esteem issues?.
200502,other,"three glorious goddesses, radiating the light of wisdom, the glow of power, the sheen of beauty, stood before him."
200502,other,david earle has contributed three photographic pieces of atmospheric intensity and beauty.
200502,other,"even surrounded by the glorious himalayas, the beauty is found in the banal."
200502,other,"""at last a trip to africa -- the wild animals, the beauty of south africa,"" she wrote."
200502,other,"shaukat's wife is antara (played by aishwarya rai), a shy professor of fashion photography whose beauty catches the eye of yash (zayed khan), a professor of photography after much more than a mere photograph of antara."
200502,product/service,"the karin herzog line includes choco2 chocolate beauty cream, $70/ 50 ml, finest chocolate cleansing cream $38/50 ml, and chocolate delicious comfort cream $55/50 ml."
200502,other,"i don't mean to imply that the rest of us are members of the slug family, but you and i know that some folks are blessed with the beauty and physique of the gods and goddesses of old, while others look like a bag of smelts."
200502,physical beauty,"as much as we would all like to look like brad or jennifer, there is a downside to such beauty - especially when there is only one bathroom mirror in the one-bedroom shack the pitts call home."
200503,movie/play/tv,miss congeniality 2: armed and fabulous is like most beauty pageants -- shallow yet oddly entertaining.
200503,movie/play/tv,full text: 'beauty shop'.
200503,other,"""perfect,"" says her majesty, luxuriating in the well-appointed upholstery of what will become a major theme, if not the raison d'etre, of beauty shop."
200503,movie/play/tv,that's about it for the main drama in beauty shop.
200503,movie/play/tv,"the waiting room three women separated by centuries and continents question the price of beauty in lisa loomer's drama, a collaboration between ruby slippers theatre and studio 58."
200503,movie/play/tv,"beauty shop tells the story of gina (queen latifah), a sassy hairstylist who quits the shop run by the imperious jorge (kevin bacon), an austrian with a dubious accent, long blond hair, and an irritating, teutonic misogyny."
200503,movie/play/tv,maybe that's what goes on in a beauty shop.
200503,movie/play/tv,"beauty shop tells the story of gina (queen latifah), a sassy hairstylist - sass being the latifah speciality - who quits the shop run by the imperious jorge (kevin bacon), an austrian with a dubious accent, long blond hair, and an irritating, teutonic misogyny."
200503,movie/play/tv,beauty shop is a film of low-cal vulgarity.
200503,other,"""perfect,"" says her majesty, luxuriating in the well-appointed upholstery of what will become a major theme, if not the raison d'etre, of beauty shop."
200503,real beauty,"""it's about a woman's inner beauty, her confidence, her passion and her sensuality."
200503,other,"""perfect,"" says her majesty, luxuriating in the well-appointed upholstery of what will become a major theme, if not the raison d'etre, of beauty shop."
200503,other,"butts, booty, heinies: it's a world of bums out there, and beauty shop, which you would think might be concerned with the other end of the human body, is right down there, digging it."
200503,movie/play/tv,maybe that's what goes on in a beauty shop.
200503,real beauty,"""it's about a woman's inner beauty, her confidence, her passion and her sensuality."
200503,movie/play/tv,the beauty shop that gina runs in the movie is very much like the ones latifah knew growing up in new jersey.
200503,movie/play/tv,"illustration colour courtesy, mgm / queen latifah as gina norris gives mena suvari (playing an atlanta socialite) a new look in beauty shop, produced by latifah."
200503,physical beauty,"struck by the delicate beauty of his former playmate, howard asked her on their first date: a visit to a pathology lab to look at slides of ovarian tumours."
200503,movie/play/tv,"before filming on last year's barbershop 2 had even started, the studio had launched its plan for beauty shop."
200503,movie/play/tv,illustration colour gina (queen latifah) gives shaggy-haired jorge (kevin bacon) a piece of her mind in the comedy beauty shop.
200503,movie/play/tv,"but then her old pageant pals -- beauty queen heather burns and pageant emcee william shatner -- are kidnapped, and gracie is determined to rescue them."
200503,product/service,"by now, merrilee has about $800 worth of botox and close to $2,000 worth of three different fillers (restylane, perlane and fineline) in her face, and she is even more beautiful than when she started out -- if beauty is measured in a megawatt smile and carefree brow."
200503,other,"it's sleeping beauty, once again at her spinning wheel, and the pricked finger that initiates the awful sleep of limbo."
200503,pageant/fashion show/model,full text: beauty contest sets off muslim debate.
200503,physical beauty,"in the limited times i have come into contact with her -- at city hall during her time as an alderman, in her various reincarnations on public boards, at a couple of private parties -- i was all too aware of myself being all too aware of her beauty."
200503,product/service,"while scientists worldwide are only studying stem cells, dozens of russian clinics and beauty salons claim they are already using both adult and embryonic stem cells to treat everything from wrinkles to parkinson's disease to impotence."
200503,product/service,"meanwhile, hundreds of patients are rushing to russian clinics and beauty salons that claim to offer embryonic stem cell therapy for a range of diseases as well as cosmetic therapy."
200503,product/service,"she says her condition has improved after a new series of injections, said to contain adult stem cells, at beauty plaza, a private clinic in moscow that advertises stem cell treatment for a variety of diseases."
200503,product/service,"meanwhile, hundreds of patients are rushing to russian clinics and beauty salons that claim to offer embryonic stem cell therapy for a range of diseases as well as cosmetic therapy."
200503,product/service,"while scientists worldwide are only studying stem cells, dozens of russian clinics and beauty salons claim they are already using both adult and embryonic stem cells to treat everything from wrinkles to parkinson's disease to impotence."
200503,product/service,"she says her condition has improved after a new series of injections, said to contain adult stem cells, at beauty plaza, a private clinic in moscow that advertises stem cell treatment for a variety of diseases."
200503,other,"breathtaking in its beauty, stunningly photographed, harrowing and emotionally involving, everest is the perfect match for the gigantic film format."
200503,product/service,longtime beauty businesswoman randi shinder and seasoned fashion writer melissa shabinsky have teamed up to produce a lip gloss meant to give those of us without the lip lusciousness of angelina jolie a little extra endowment.
200504,magazine/book,"former makeup artist paula begoun is a syndicated beauty columnist and the author of don't go to the cosmetics counter without me, the beauty bible and don't go shopping for hair-care products without me."
200504,movie/play/tv,miss congeniality 2 is the tread-water sequel to the 2000 hit that got by on concept -- sandy snorting her way through a beauty pageant as an undercover fbi contestant.
200504,other,"""the beauty industry is taking advantage of our good name in order to get on the bandwagon,"" says janine gibson, president of the canadian organic growers."
200504,product/service,their products were top-ranked for health and safety in all categories of the environmental working group's survey of beauty products.
200504,other,"""the beauty of natural products,"" she adds, ""is that they have been ingested for millennia."""
200504,product/service,"other neighbourhoods are also good yorkville has some good resources, including luxurious beauty shops where you can pick up exorbitantly priced perfumes or products otherwise sold only in europe."
200504,movie/play/tv,"we have experienced the beauty of children dancing, singing, performing musical instruments, youth have been involved in plays, interacting with others."
200504,other,"this will give guests an opportunity to network in the beauty of the rbg's celebrated botanical surroundings, and meet many varied business owners in a relaxed and fun filled atmosphere."
200504,other,"beauty contests aside, what likely will attract the public are the agility demonstrations, training sessions and competitions overseen by bone."
200504,movie/play/tv,"after becoming famous for going undercover at a beauty pageant in the earlier movie, fbi agent gracie hart (sandra bullock) can't work undercover anymore, so is made ""the face of the bureau,"" and given as a bodyguard a tough agent (regina king) with martial arts skills."
200504,product/service,"the cost is $15 a person, redeemable toward a $50 purchase of beauty products during the evening."
200504,product/service,"bobbi brown; at 47, bobbi brown looks more like a hip, affluent mom than a woman who revolutionized the beauty industry.; brown was the first to introduce yellow-based foundations.; brown's new mini products for spring reflect her penchant for a neutral palette."
200504,other,"beauty contests aside, what likely will attract the public are the agility demonstrations, training sessions and competitions overseen by bone."
200504,movie/play/tv,*** beauty shop: queen latifah trades chicago for atlanta and looks after the sisterhood as she opens her own establishment in this sequel to barbershop filled with cutting remarks and comic high jinks.
200504,movie/play/tv,miss congeniality 2 is the tread-water sequel to the 2000 hit that got by on concept -- sandy snorting her way through a beauty pageant as an undercover fbi contestant.
200504,movie/play/tv,"beauty shop (14a, fairview, niagara square) beauty shop proves nearly as entertaining and audience-friendly as a female-focused spinoff of the barber shop films (barbershop and barbershop 2: back in business, 2002 and 2004)."
200504,other,"come for the beauty, stay for the booty."
200504,product/service,"to gauge interest levels, the may 18 beauty fete will only be held at the vancouver and toronto (bloor street) stores."
200504,movie/play/tv,"in the film, the larger-than-life diva leaves the upscale salon for a beauty shop in the inner city that eventually pulls her favourite downtown clients."
200504,movie/play/tv,miss congeniality 2 is the tread-water sequel to the 2000 hit that got by on concept -- sandy snorting her way through a beauty pageant as an undercover fbi contestant.
200504,movie/play/tv,"""you think these pants make my butt look big?"" asks queen latifah in the opening sequence of beauty shop."
200504,other,"""perfect,"" says her majesty, luxuriating in the well-appointed upholstery of what will become a major theme, if not the raison d'etre, of beauty shop."
200504,movie/play/tv,"full text: hair apparent: beauty shop styles a story for everyone, and that's what the singer and producer want."
200504,product/service,"""the beauty shop was our spot just like the barber shop was the spot for guys."
200504,product/service,"""the beauty shop was our spot just like the barber shop was the spot for guys."
200504,other,"come for the beauty, stay for the booty."
200504,product/service,"to gauge interest levels, the may 18 beauty fete will only be held at the vancouver and toronto (bloor street) stores."
200504,product/service,"the cost is $15 a person, redeemable toward a $50 purchase of beauty products during the evening."
200504,product/service,"although males under 30 are more apt to shop for beauty and grooming products, corlett notes that getting them to do it before a single female audience could be tricky."
200504,product/service,"canwest news service / holt renfrew is hosting mixture, a beauty night for men and women at its vancouver and toronto stores."
200504,movie/play/tv,illustration colour queen latifah and kevin bacon in beauty shop.; colour lewis mcgibbon and daisy donovan in millions.; colour ewan mcgregor and robin williams are robots.
200505,pageant/fashion show/model,"""the girls i have met are more into materialistic things,"" ms vautour said as she prepared to take part in the miss downhome pageant, a lighthearted poke at traditional beauty contests that required contestants to wear fishing gear and put worms on hooks."
200505,movie/play/tv,"the wb's beauty and the geek is an ashton kutcher-produced series that won't, as previously thought, feature katie holmes and twitterpated boyfriend tom cruise."
200505,other,"good disco-dancing facilities, multiple bars, skeet shooting, beauty salon, helicopter pad, the works."
200505,other,quesnel has hidden beauty that can be discovered daily and i can't wait to come back and begin exploring.
200505,other,"lorraine hjalte, calgary herald / saundra shapiro is owner of compassionate beauty."
200505,other,"the excitement was evident in rehearsal, hearing the piping voices as a handful of cast members demonstrate a song from the score, with a new lyric by tusnady: ""the music of mozart has this to say - truth and beauty are here to stay."""
200505,physical beauty,"for advertisers, body ads are a chance to directly link their brand name with youth, beauty and sex appeal."
200505,other,my last bike is a beauty.
200505,other,my last bike is a beauty.
200505,other,it survived a devastating fire in 2001 and has been restored to its original beauty.
200505,other,my last bike is a beauty.
200505,other,my last bike is a beauty.
200505,other,it survived a devastating fire in 2001 and has been restored to its original beauty.
200505,real beauty,"hamilton spectator file photo / society should find beauty in a child's smile, not in random, incidental good looks."
200505,other,she gets hers from a beauty school.
200506,other,ontario power generation beat liquid the beauty bar 5-3.
200506,other,"learn from them, and it will increase your beauty."
200506,other,"learn from them, and it will increase your beauty."
200506,other,"learn from them, and it will increase your beauty."
200506,other,"learn from them, and it will increase your beauty."
200506,other,"learn from them, and it will increase your beauty."
200506,movie/play/tv,"jack plays the hubby, and who better for montgomery's role of samantha than the blond beauty he happens to bump into at the local store?"
200506,other,the annual book arts fair celebrates the beauty and craft of the hand-printed word and image.
200506,movie/play/tv,"sandra bullock reprises her role as gracie hart, undercover fbi agent and would-be beauty pageant contestant."
200506,other,"the beauty of current technology is that anyone can make high- quality recordings virtually anywhere, and most often an exotic locale produces startling results."
200506,other,"the beauty of current technology is that anyone can make high- quality recordings virtually anywhere, and most often an exotic locale produces startling results."
200506,product/service,"cool hair: a teenager's guide to the best beauty secrets on hair, makeup, and style by vincent roppatte: offers simple, great tips on how to achieve the look that's terrific for you."
200506,other,"though we had to selectively look at the forested hills hanging on either side of us to ignore the clearcuts slashed seemingly at random into the thick green carpet, the landscape was not without its rugged natural beauty."
200506,other,"truck parades, truck races and truck beauty contests?"
200506,product/service,"full text: paris-based chain sephora encouraged many of its suppliers to make small, purse- and travel-sized beauty products to serve the fast pace of women who work, travel and care for families."
200506,pageant/fashion show/model,"it is beauty pageant season and, before you get all flummoxed about me bashing beauty queens, know i am a reformed beauty pageant wannabe, i'm bitter, and i do understand how effective winners of these pageants can be in creating positive change."
200506,other,beauty can't hide emotional scars.
200506,movie/play/tv,"instead, why not focus on the positive aspects of beauty & the geek?."
200506,pageant/fashion show/model,"except beauty pageants are sexist, of course, and not news."
200507,product/service,"""when i wrote the beauty myth, plastic surgery was an extreme choice for the few."
200507,physical beauty,"""she is a classic beauty with an individual sense of style."
200507,product/service,"it's a spa-stic pleasure; a team of 21-year-olds is running two successful beauty spas, thriving in t.o."
200507,pageant/fashion show/model,"""b"" is also for beauty pageants and contests."
200507,pageant/fashion show/model,"beauty pageant finalists or contestants may only appear as such in the square if they are not identified as such, if you follow."
200507,other,"""beauty packaging speaks to a consumer's own thoughts about status."
200507,movie/play/tv,time to bid adieu to beauty and the geek (ctv at 8).
200507,physical beauty,"montrealers don't object to physical beauty, and don't have a dress code."
200507,pageant/fashion show/model,"while mr miller said it was ""appropriate"" to ban beauty contests from civic spaces, he admitted the rules have been misinterpreted before."
200507,other,"maybe it'll open some doors, and then people will see the beauty inside."""
200507,real beauty,"""advertising sets up a standard -- a tyrannical standard -- for beauty that's ultimately soul destroying,"" kilbourne said."
200507,real beauty,"""advertising sets up a standard -- a tyrannical standard -- for beauty that's ultimately soul destroying,"" kilbourne said."
200507,other,"though we had to selectively look at the forested hills hanging on either side of us to ignore the clear-cuts slashed seemingly at random into the thick green carpet, the landscape was not without its beauty."
200507,physical beauty,"willow-leaf eyebrows: beauty in ancient china: looking back on the great civilizations of the past, there are many interesting ways in which beauty was exposed."
200507,product/service,"however, since chinese medicine encompasses such extensive knowledge of herbal potions and remedies, we can assume that they used herbs for beauty as well as health."
200507,movie/play/tv,"photo supplied to the star / beauty and the geek is the show producers pitched as ""the ultimate social experiment,"" but remember, that the network promoted it as hailing ""from the daring mind of ashton kutcher!"" it's a little over my head, in other words."
200507,other,"kewpie dolls, wetums dolls and of course the jointed eaton's beauty dolls, tiddly winks, pick up sticks and jacks."
200507,movie/play/tv,shows: beauty and the beast; hello dolly; st jacob's farmers market; and wings of paradise butterfly conservatory.
200507,movie/play/tv,"for all the beauty on screen, the love affair doesn't seem passionate and the would-be suitor seems altogether bland making for a rather uneven but nonetheless enjoyable ride."
200507,other,"while my collection of external images fades with the passage of time, i can easily retrieve images of beauty from my memory bank when ugly situations arise."
200507,movie/play/tv,"for all the beauty on screen, the love affair doesn't seem passionate and the would-be suitor seems altogether bland making for a rather uneven but nonetheless enjoyable ride."
200507,other,maybe there's a part of me that just appreciates another woman's beauty.
200508,other,xiao cautioned it could be awhile before a connection is established between beauty and the beast and cancer in humans.
200508,product/service,"along with the beauty and lifestyle kelowna has to offer, so is the quality of award-winning hair stylists and colorists that have made kelowna the place to showcase their art."
200508,magazine/book,how is it that taylor can falsely believe that this is not an issue any more when the times colonist writes an article on her appointment as finance minister of british columbia with reference to her physical beauty in the headline?
200508,other,full text: so much for beauty sleep.
200508,real beauty,"""i think what's really important is that it become socially acceptable for the masses to look -- each in their way -- different from the current, narrowly defined beauty stereotype,"" she says."
200508,other,"chinese communist party officials have been ordered to ""declare"" their mistresses after a public row between a former shanghai beauty queen and her ex-lover highlighted a revival of the pre- revolutionary practice of keeping concubines."
200508,movie/play/tv,"but while that classic cary grant comedy featured crisp banter and a good story, beauty shop has way too much chat and very little plot."
200508,real beauty,"beauty quest is a thoughtful, thought-provoking film that goes more than skin deep."
200508,real beauty,"june callwood, now in her 80s, shares her own concept of beauty, in a culture that prizes youthfulness to almost dangerous extremes."
200508,real beauty,"beauty quest is a thoughtful, thought-provoking film that goes more than skin deep."
200508,real beauty,"it raises thought-provoking issues about body image and the concept of physical beauty: according to the film, only 1 in 50 women consider themselves to be beautiful."
200508,real beauty,"june callwood, now in her 80s, shares her own concept of beauty, in a culture that prizes youthfulness to almost dangerous extremes."
200508,real beauty,"beauty quest is a thoughtful, thought-provoking film that goes more than skin deep."
200508,other,"they take pleasure in being able to promote ukrainian culture and heritage through the grace, excitement and technical beauty of ukrainian dance."
200508,movie/play/tv,"the tale of the beauty and the beast, performed by the theatre by the bay troop at heritage park, is such a story."
200508,movie/play/tv,"it was coyne, schumacher says, who figured out that disney's three broadway musicals -- beauty and the beast, the lion king and aida -- could be packaged together and sold as a ""disney on broadway,"" experience."
200508,real beauty,"teen people recently featured a story about brittany harper, a plus-sized 20-year-old who has competed in and won several beauty pageants against average-sized girls in north carolina and currently holds the usa eastern miss title."
200508,real beauty,"teen people recently featured a story about brittany harper, a plus-sized 20-year-old who has competed in and won several beauty pageants against average-sized girls in north carolina and currently holds the usa eastern miss title."
200508,movie/play/tv,"seventeen's casting director chooses girls in malls, on the street, and anywhere she can find them for beauty and fitness sections."
200508,magazine/book,"teen people magazine published a story about harper, a plus- sized 20-year-old who has entered and won several beauty pageants against average-sized girls in north carolina.; colour associated press / teen vogue fashion editor jane keltner, left, and summer intern emily weiss pose together at the teen vogue office in new york."
200508,real beauty,"teen people recently featured a story about brittany harper, a plus-sized 20-year-old who has competed in and won several beauty pageants against average-sized girls in north carolina and currently holds the usa eastern miss title."
200508,movie/play/tv,"seventeen's casting director chooses girls in malls, on the street, and anywhere she can find them for beauty and fitness sections."
200508,movie/play/tv,"seventeen's casting director chooses girls in malls, on the street, and anywhere she can find them for beauty and fitness sections."
200508,physical beauty,just not in the beauty pageant queen kind of way.) so me and beautiful women never get to have that conversation about how their beauty affects my nerves.
200508,real beauty,that's why i don't see any problem with that ban on beauty pageants at nathan phillips square.
200508,real beauty,that's why i don't see any problem with that ban on beauty pageants at nathan phillips square.
200508,other,"that woman was ruth masters, not only a war veteran, and the person voted ""citizen of the year' on two occasions by valley residents, but someone who has fought doggedly to try and preserve the irreplaceable beauty of the valley."
200509,real beauty,dove set tongues a-wagging with its campaign for real beauty promotion that features six female models of somewhat fuller proportions promoting a new line of beauty products.
200509,magazine/book,"forster - the first sentence of on beauty is a deliberate echo of the first sentence of forster's howards end, a novel that featured an idealistic family, the schlegels, opposed to a conservative family, the wilcoxes."
200509,movie/play/tv,"kain signaled her insistence on maintaining the company's classical inheritance in february 2004 when, as nbc's artistic associate -- the position she held through most of the kudelka years -- she supervised a revival of former ballet superstar rudolf nureyev's historic production of the sleeping beauty."
200509,real beauty,"first came reality tv, and now companies are championing ""real women"" by featuring not-so-skinny models in their beauty and fashion ads."
200509,real beauty,"in canada, a dove-sponsored photo exhibit showcases female photographers' ideas of what beauty is -- again reflecting different ages, shapes and cultures."
200509,real beauty,"first came reality tv, and now companies are championing ""real women"" by featuring not-so-skinny models in their beauty and fashion ads."
200509,real beauty,"in canada, a dove-sponsored photo exhibit showcases female photographers' ideas of what beauty is -- again reflecting different ages, shapes and cultures."
200509,real beauty,"first came reality tv, and now companies are championing ""real women"" by featuring not-so-skinny models in their beauty and fashion ads."
200509,movie/play/tv,"kain signaled her insistence on maintaining the company's classical inheritance in february 2004 when, as nbc's artistic associate -- the position she held through most of the kudelka years -- she supervised a revival of former ballet superstar rudolf nureyev's historic production of the sleeping beauty."
200509,real beauty,"first came reality tv, and now companies are championing ""real women"" by featuring not-so-skinny models in their beauty and fashion ads."
200509,real beauty,"in canada, a dove-sponsored photo exhibit showcases female photographers' ideas of what beauty is -- again reflecting different ages, shapes and cultures."
200509,real beauty,"first came reality tv, and now companies are championing ""real women"" by featuring not-so-skinny models in their beauty and fashion ads."
200509,real beauty,"in canada, a dove-sponsored photo exhibit showcases female photographers' ideas of what beauty is -- again reflecting different ages, shapes and cultures."
200509,other,"star file photo tuvalu's lagoon, top photo, is a place of tranquil beauty."
200509,movie/play/tv,"so do the two women in their lives, a korean princess played by kim hee seon (who is very big in korean cinema) and a feisty indian beauty played by mallika sherawat (a star in bollywood films)."
200509,movie/play/tv,"kain signaled her insistence on maintaining the company's classical inheritance in february 2004 when, as nbc's artistic associate -- the position she held through most of the kudelka years -- she supervised a revival of former ballet superstar rudolf nureyev's historic production of the sleeping beauty."
200509,other,"full text: although she loved growing up in kelowna, a rebellious erica leach left after high school with the fear this valley's beauty might seduce her into spending a lifetime here."
200509,magazine/book,"""i think it's an absolute ripoff,"" says kathy phillips, former health and beauty director of vogue and founder of this works, a plant oils-based skincare range."
200509,real beauty,"in the culture of botox parties and graduation-present boob jobs, are we ready to celebrate beauty that's real and shop accordingly?."
200509,product/service,"top tip: ""raw carrots are the ultimate beauty food."
200509,other,"her mother taught her that beauty is godless and sinful, but van der kolk couldn't relate to that and chose a different path."
200510,magazine/book,the beauty of the writing and the illustrations contained in the bedside book of birds is matched by the beauty of the physical book itself.
200510,other,"the two had a tumultuous relationship in which the insecure jones was often brutal to her, but the guitarist was said to worship his prize beauty."
200510,other,"the beauty division, with $19.5 billion u.s."
200510,real beauty,seeing beauty through colour blind eyes.
200510,other,beauty of color (g.p.
200510,other,"reading on beauty is a tug of war between toiling to absorb the cluttered prose and delighting in the bustling, messy and tender dialogue."
200510,other,its cities offer breathtaking beauty exemplified by the jewelled city of taormina carved into a green bluff rising from the sapphire ionian sea.
200510,other,"photos special to the hamilton spectator / sicilian splendour few cites offer such breathtaking beauty as the jewelled city of taormina carved into a green bluff rising from the sapphire ionian sea.; sicily's classic, elegant and often formal architecture is rooted in ancient history.; photos special to the hamilton spectator / the architectural wonders of sicily will leave visitors with indelible memories.; art and history make a majestic combination in many impressive buildings and churches.; sicily is noted for ornate, decorative baroque architecture."
200510,real beauty,"full text: new york (ap) -- everyone has ""skin of colour,"" says iman, and that means her new beauty book is for every woman around the world."
200510,real beauty,iman says beauty best seen through colourblind eyes.
200510,real beauty,"full text: new york (ap) -- everyone has ""skin of colour,"" says iman, and that means her new beauty book is for every woman around the world."
200510,other,"expect to see a little humour, much beauty and attention to detail in this rich exhibit."
200510,product/service,"convinced that she wasn't the only one who would benefit from the organic beauty products, wasylow began pursuing her own business."
200510,other,"he considered getting out his bicycle and setting forth into the valley, bicycling until he fell, on and on into the beauty."
200510,product/service,the rosedale spa's beauty girl program caters to girls aged 12 to 15 (though the spa has served clients as young as 9).
200510,magazine/book,"on beauty is her most mature and wide-ranging novel to date, and it has been welcomed as a return to form after autograph man, a rangy, less coherent work about an autograph collector who forges his idol's signature."
200510,physical beauty,"""on top of that, i think she's gifted with real physical beauty but has this disarming quality,'' he continues as paxton blushes with embarrassment."
200510,physical beauty,"""on top of that, i think she's gifted with real physical beauty but has this disarming quality,'' he continues as paxton blushes with embarrassment."
200510,magazine/book,"on beauty is her most mature and wide-ranging novel to date, and it has been welcomed as a return to form after autograph man, a rangy, less coherent work about an autograph collector who forges his idol's signature."
200510,other,"he's a really despicable ugly thing, but he comes out and says that beauty can be found anywhere."""
200510,other,"real irish dancing has about it a spare, frantic beauty, a wild heart contained by discipline and straining to escape."
200510,other,"of the first-flowering daffodils, 'rynveld early sensation' and narcissus 'lemon beauty' are two excellent picks, both flowering weeks before any other daffodil."
200510,other,"all the various types of grape hyacinth (muscari) put on a totally reliable show in april along with many of the novelty narcissi such as 'tripartite' and 'lemon beauty,' a new butterfly- type with creamy petals and lemon-yellow star in the centre."
200510,magazine/book,"on beauty is her most mature and wide-ranging novel to date, and it has been welcomed as a return to form after autograph man, a rangy, less coherent work about an autograph collector who forges his idol's signature."
200510,other,suppose there was a beauty contest among eggheads; which side of the right-left spectrum would gather the most points?
200511,other,"what follows is a satirical romp through mortality, and the grief of phil's housemate-survivors, his artist wife nora, their ebullient housekeeper sophie, and nora's live-in model, beth, a herbal tea-meister trapped in an ex-beauty queen's body."
200511,pageant/fashion show/model,the contest is more than just a beauty pageant.
200511,pageant/fashion show/model,the contest is more than just a beauty pageant.
200511,real beauty,"collects pocketfuls of stones and pebbles,"" writes the author, who also talks about the woman's inner beauty, which shines through despite the disease."
200511,real beauty,"""it's the standard of beauty that you've been bombarded with for years."
200511,other,"""weightlifters and cyclists take doping to enhance performance, here the issue was beauty,"" munich president karl auer said."
200511,other,"still, auditioning for even an ""open-minded"" beauty company isn't without its perils."
200511,movie/play/tv,the beauty queen of leenane continues at kanata theatre until nov.
200511,other,"while she says the ""sweetheart"" tag doesn't bother her, it's clearly something she's not quite comfortable with -- after all, it doesn't exactly fit aniston, a mostly private person with a dry sense of humour who's more likely to puff on a smoke than enter a beauty pageant."
200511,product/service,illustration colour associated press / the price of beauty: a woman exits an avon store in new york yesterday.
200511,magazine/book,"but clarie cholley, health and beauty editor at elle quebec, suggested that banning perfume means forgoing one of life's great pleasures."
200511,magazine/book,"; colour allen mcinnis the gazette / perfume is one of life's great pleasures, says clarie cholley, health and beauty editor at elle quebec."
200511,other,"while she says the ""sweetheart"" tag doesn't bother her, it's clearly something she's not quite comfortable with -- after all, it doesn't exactly fit aniston, a mostly private person with a dry sense of humour who's more likely to puff on a smoke than enter a beauty pageant."
200511,other,"while she says the ""sweetheart"" tag doesn't bother her, it's clearly something she's not quite comfortable with -- after all, it doesn't exactly fit aniston, a mostly private person with a dry sense of humour who's more likely to puff on a smoke than enter a beauty pageant."
200511,other,"while she says the ""sweetheart"" tag doesn't bother her, it's clearly something she's not quite comfortable with -- after all, it doesn't exactly fit aniston, a mostly private person with a dry sense of humour who's more likely to puff on a smoke than enter a beauty pageant."
200511,other,"while she says the ""sweetheart"" tag doesn't bother her, it's clearly something she's not quite comfortable with -- after all, it doesn't exactly fit aniston, a mostly private person with a dry sense of humour who's more likely to puff on a smoke than enter a beauty pageant."
200511,other,"while she says the ""sweetheart"" tag doesn't bother her, it's clearly something she's not quite comfortable with -- after all, it doesn't exactly fit aniston, a mostly private person with a dry sense of humour who's more likely to puff on a smoke than enter a beauty pageant."
200511,other,"for binh, though, beauty is difficult to find anywhere."
200511,other,"we are going to get wind towers in ontario anyway, so we don't need them on the niagara escarpment, a place of unsurpassed natural beauty."""
200511,movie/play/tv,"they will be joined this week by jarhead, a highly anticipated film directed by sam mendes (american beauty) and starring jake gyllenhaal and jamie foxx."
200511,other,"kalyani (lisa ray) is a beauty: the bread-and- butter of the widows' house owing to rich men's ""unnatural concern for widows."""
200511,other,"by leaving behind most of what video games are - - seriously, there's nothing here to fight and kill; the vast tracts of scenery between colossi are devoid of anything but beauty -- shadow of the colossus shows us that games can be high art."
200512,other,"lewis said, ""these things -- the beauty, the memory of our own past -- are good images of what we really desire; but if they are mistaken for the thing itself, they turn into dumb idols, breaking the hearts of their worshippers."
200512,movie/play/tv,"naomi watts takes the fay wray role as the beauty who becomes bait to capture a giant gorilla, which eventually goes ape in the big apple."
200512,other,illustration colour cover: kafka on the shore; colour cover: on beauty; colour cover: prep; colour cover: saturday; colour cover: veronica; colour cover: the assassin's gate: america in iraq; colour cover: the lost painting; colour cover: de kooning: an american master; colour cover: postwar: a history of europe since 1945; colour cover: the year of magical thinking.
200512,other,"the beauty is timeless, the energy and liveliness is contagious."
200512,physical beauty,she collected clothing that highlighted her beauty.
200512,movie/play/tv,"naomi watts takes the fay wray role as the beauty who becomes bait to capture a giant gorilla, which eventually goes ape in the big apple."
200512,other,"thankfully, though, one of the beauty parts of getting hammered is that the nagging guilt and anger tend to disappear after awhile."
200512,other,don't forget the work and the planning that goes along with all the beauty that we can enjoy.
200512,product/service,"celeste alles, owner of glow cosmetics kitchen in conestogo, said she makes up gift baskets for as low as $15, filled with her homemade bath and beauty products."
200512,product/service,"celeste alles, owner of glow cosmetics kitchen in conestogo, said she makes up gift baskets for as low as $15, filled with her homemade bath and beauty products."
200512,product/service,beauty shop 'a candy store for women'.
200512,movie/play/tv,beauty and the beast: any household with a gaggle of girls or a deluge of disney fans could do a lot worse than a new year's eve celebration with the arts club theatre's production of disney's beauty and the beast at the stanley industrial alliance stage.
200512,other,"anderson, who grew up in ladysmith, b.c., was reluctant because she'd never tried her hand at singing, but adams says the beauty of the song is that anybody can sing it."
200512,other,"anderson, who grew up in ladysmith, b.c., was reluctant because she'd never tried her hand at singing, but adams says the beauty of the song is that anybody can sing it."
200512,other,"anderson, who grew up in ladysmith, b.c., was reluctant because she'd never tried her hand at singing, but adams says the beauty of the song is that anybody can sing it."
200512,other,"anderson, who grew up in ladysmith, b.c., was reluctant because she'd never tried her hand at singing, but adams says the beauty of the song is that anybody can sing it."
200512,other,"anderson, who grew up in ladysmith, b.c., was reluctant because she'd never tried her hand at singing, but adams says the beauty of the song is that anybody can sing it."
200512,other,"anderson, who grew up in ladysmith, b.c., was reluctant because she'd never tried her hand at singing, but adams says the beauty of the song is that anybody can sing it."
200512,other,"anderson, who grew up in ladysmith, b.c., was reluctant because she'd never tried her hand at singing, but adams says the beauty of the song is that anybody can sing it."
200512,other,beauty of christmas tea and bazaar: 1-3 p.